{"1466348771.pdf": 1752510117.8837774, "\u0627\u0639\u0645\u0627\u0644_\u0627\u0636\u0627\u0641\u0647_\u0646\u0631\u062e_\u0628\u0633\u062a\u06af\u0627\u0646.pdf": 1752509733.4030726, "\u0628\u062e\u0634\u0646\u0627\u0645\u0647_149.pdf": 1752509632.6400967, "\u067e\u06cc\u0631\u0648_\u0628\u062e\u0634\u0646\u0627\u0645\u0647_150.pdf": 1752508938.6773436}